<?xml version="1.0" encoding="utf-8" standalone="yes"?>
<rss version="2.0" xmlns:atom="http://www.w3.org/2005/Atom">
  <channel>
    <title>services on Enviotech | Your Lab Expert</title>
    <link>https://enviotech.com.bd/services/</link>
    <description>Recent content in services on Enviotech | Your Lab Expert</description>
    <generator>Hugo -- gohugo.io</generator>
    <language>en-us</language>
    <lastBuildDate>Tue, 17 Nov 2009 11:22:16 +0600</lastBuildDate>
    
	<atom:link href="https://enviotech.com.bd/services/index.xml" rel="self" type="application/rss+xml" />
    
    
    <item>
      <title>Lab Mortar Grinder Machine</title>
      <link>https://enviotech.com.bd/services/lab-mortar-grinder/</link>
      <pubDate>Mon, 13 Apr 2020 11:22:16 +0600</pubDate>
      
      <guid>https://enviotech.com.bd/services/lab-mortar-grinder/</guid>
      <description>Application: ashes, cement clinker, chemical products, coal, cocoa nibs, coke, drugs, food, homeopathic materials, nuts, oil seeds, pharmaceutical materials, plant materials, salts, silicates, slag, soils, spices, tiles, yeast cells.</description>
    </item>
    
    <item>
      <title>Textile Lab Testing</title>
      <link>https://enviotech.com.bd/services/textile-testing-equipment/</link>
      <pubDate>Sun, 17 Nov 2019 11:22:16 +0600</pubDate>
      
      <guid>https://enviotech.com.bd/services/textile-testing-equipment/</guid>
      <description>&lt;p&gt;Get Textile Lab Testing instruments. Get Textile Lab Testing instruments.. Get Textile Lab Testing instruments.&lt;/p&gt;</description>
    </item>
    
    <item>
      <title>Automatic Transmission Measurement</title>
      <link>https://enviotech.com.bd/services/automatic-transmission-measurement/</link>
      <pubDate>Thu, 17 Oct 2019 11:22:16 +0600</pubDate>
      
      <guid>https://enviotech.com.bd/services/automatic-transmission-measurement/</guid>
      <description>The PFXi series of spectrophotometric colorimeters introduces a unique concept in liquid colour control: RCMSi technology. You can benefit from the capability for remote calibration and servicing via the internet - saving the cost and time associated with servicing and guaranteeing compliance with standards.</description>
    </item>
    
    <item>
      <title>Lab Sieve Shakers Machine</title>
      <link>https://enviotech.com.bd/services/lab-sieve-shakers/</link>
      <pubDate>Fri, 17 May 2019 11:22:16 +0600</pubDate>
      
      <guid>https://enviotech.com.bd/services/lab-sieve-shakers/</guid>
      <description>RETSCH sieve shakers and sieving machines not only covers a wide measuring range. Thanks to different sieving motions and sieve sizes, the RETSCH sieve shaker range is suitable for almost any bulk material.</description>
    </item>
    
    <item>
      <title>Milling Jaw Crusher</title>
      <link>https://enviotech.com.bd/services/milling-jaw-crusher/</link>
      <pubDate>Sat, 17 Feb 2018 11:22:16 +0600</pubDate>
      
      <guid>https://enviotech.com.bd/services/milling-jaw-crusher/</guid>
      <description>RETSCH gives size decrease and sieving gear intended for test planning and portrayal of solids.  Retsch company video     Crude materials, green bodies and sintered items should be investigated with respect to their mineralogical and compound piece just as to their auxiliary properties to advance the earthenware creation process.</description>
    </item>
    
    <item>
      <title>Laboratory BOD Tester</title>
      <link>https://enviotech.com.bd/services/bod-determination/</link>
      <pubDate>Tue, 17 Oct 2017 11:22:16 +0600</pubDate>
      
      <guid>https://enviotech.com.bd/services/bod-determination/</guid>
      <description>Model: BD 600 GLP- Respirometric measuring system optimized for biodegradability tests under GLP conditions
  The BD 600 is a respirometric system for the determination of Biochemical Oxygen Demand (BOD).</description>
    </item>
    
    <item>
      <title>Visual Measurement</title>
      <link>https://enviotech.com.bd/services/visual-measurement/</link>
      <pubDate>Tue, 17 Oct 2017 11:22:16 +0600</pubDate>
      
      <guid>https://enviotech.com.bd/services/visual-measurement/</guid>
      <description>Test including: eatable, modern and fuel oils, synthetic compounds, pharma, drinks and groceries. The instruments and ISO17025 guaranteed reference materials agree to universal test techniques and gauges, for example, ASTM, DIN, AOCS and ISO.</description>
    </item>
    
    <item>
      <title>Online Colorimeter</title>
      <link>https://enviotech.com.bd/services/online-colorimeter/</link>
      <pubDate>Mon, 17 Oct 2016 11:22:16 +0600</pubDate>
      
      <guid>https://enviotech.com.bd/services/online-colorimeter/</guid>
      <description>Model: TA 4 Online-System
  Continuous, Online Colour Measurement for Precise Process Control
  This generation of online colorimeters measures a near real-time response across the spectrum (380 to 780 nm) or less.</description>
    </item>
    
    <item>
      <title>Furnace Lab Machine</title>
      <link>https://enviotech.com.bd/services/furnace-lab-machine/</link>
      <pubDate>Thu, 14 Jan 2016 11:22:16 +0600</pubDate>
      
      <guid>https://enviotech.com.bd/services/furnace-lab-machine/</guid>
      <description>Apart from the furnaces shown for production Nabertherm offers a wide range of standard furnaces for laboratories. We keep standard units in stock for short delivery times.</description>
    </item>
    
    <item>
      <title>PCB Precision Cutting</title>
      <link>https://enviotech.com.bd/services/pcb-precision-cutting/</link>
      <pubDate>Wed, 17 Jun 2015 11:22:16 +0600</pubDate>
      
      <guid>https://enviotech.com.bd/services/pcb-precision-cutting/</guid>
      <description>PCB Prototyping   This product is equipped with higher-quality pressure foot which provides better capability of the milling width consistancy and the vacuum cleaning efficiency.</description>
    </item>
    
    <item>
      <title>Lab Disk Mills</title>
      <link>https://enviotech.com.bd/services/lab-disk-mills/</link>
      <pubDate>Mon, 17 Nov 2014 11:22:16 +0600</pubDate>
      
      <guid>https://enviotech.com.bd/services/lab-disk-mills/</guid>
      <description>RETSCH Vibratory Disk Mills are especially appropriate for fast, misfortune free granulating of hard, weak and stringy materials to diagnostic fineness.</description>
    </item>
    
    <item>
      <title>Lab Knife Mill Machine</title>
      <link>https://enviotech.com.bd/services/lab-knife-mill/</link>
      <pubDate>Sat, 17 Aug 2013 11:22:16 +0600</pubDate>
      
      <guid>https://enviotech.com.bd/services/lab-knife-mill/</guid>
      <description>RETSCH blade plants give totally homogeneous and reproducible size decrease brings about seconds so delegate tests can be taken from any area in the granulating holder.</description>
    </item>
    
    <item>
      <title>PCB Prototyping Eleven Lab </title>
      <link>https://enviotech.com.bd/services/pcb-prototyping-eleven-lab/</link>
      <pubDate>Mon, 17 Dec 2012 11:22:16 +0600</pubDate>
      
      <guid>https://enviotech.com.bd/services/pcb-prototyping-eleven-lab/</guid>
      <description>PCB Prototyping  This product is equipped with higher-quality pressure foot which provides better capability of the milling width consistancy and the vacuum cleaning efficiency.</description>
    </item>
    
    <item>
      <title>Laboratory Colorimeters</title>
      <link>https://enviotech.com.bd/services/colorimeters/</link>
      <pubDate>Thu, 01 Nov 2012 11:22:16 +0600</pubDate>
      
      <guid>https://enviotech.com.bd/services/colorimeters/</guid>
      <description>People dealing with the analysis of water or colour measurement know that for more than 130 years that they are in good hands.</description>
    </item>
    
    <item>
      <title>Lab Cutting Mills</title>
      <link>https://enviotech.com.bd/services/lab-cutting-mills/</link>
      <pubDate>Mon, 17 Oct 2011 11:22:16 +0600</pubDate>
      
      <guid>https://enviotech.com.bd/services/lab-cutting-mills/</guid>
      <description>RETSCH cutting factories give exceptionally proficient essential size decrease of heterogeneous material blends but on the other hand are appropriate for pounding delicate, medium-hard, versatile or stringy examples.</description>
    </item>
    
    <item>
      <title>Electrochemical measurement instruments</title>
      <link>https://enviotech.com.bd/services/electrochemistry/</link>
      <pubDate>Wed, 17 Nov 2010 11:22:16 +0600</pubDate>
      
      <guid>https://enviotech.com.bd/services/electrochemistry/</guid>
      <description>People dealing with the analysis of water or colour measurement know that for more than 130 years that they are in good hands.</description>
    </item>
    
    <item>
      <title>Laboratory Spectrophotometers</title>
      <link>https://enviotech.com.bd/services/spectrophotometers/</link>
      <pubDate>Sun, 17 Oct 2010 11:22:16 +0600</pubDate>
      
      <guid>https://enviotech.com.bd/services/spectrophotometers/</guid>
      <description>People dealing with the analysis of water or colour measurement know that for more than 130 years that they are in good hands.</description>
    </item>
    
    <item>
      <title>Lab Rotor Mill Machine</title>
      <link>https://enviotech.com.bd/services/lab-rotor-mill/</link>
      <pubDate>Mon, 09 Nov 2009 11:22:16 +0600</pubDate>
      
      <guid>https://enviotech.com.bd/services/lab-rotor-mill/</guid>
      <description>The rotor factory arrangement incorporates Ultra Centrifugal Mills, Rotor Beater Mills and Cross Beater Mills. Contingent upon the specific instrument they are appropriate for the fundamental and fine size decrease of delicate, sinewy and furthermore hard materials.</description>
    </item>
    
    <item>
      <title>Lab Ball Mills</title>
      <link>https://enviotech.com.bd/services/lab-ball-mills/</link>
      <pubDate>Fri, 07 Aug 2009 11:22:16 +0600</pubDate>
      
      <guid>https://enviotech.com.bd/services/lab-ball-mills/</guid>
      <description>Ball Mills   Ball mills are among the most variable and effective tools when it comes to size reduction of hard, brittle or fibrous materials.</description>
    </item>
    
    <item>
      <title>Laboratory Photometers</title>
      <link>https://enviotech.com.bd/services/photometers/</link>
      <pubDate>Fri, 17 Oct 2008 11:22:16 +0600</pubDate>
      
      <guid>https://enviotech.com.bd/services/photometers/</guid>
      <description>People dealing with the analysis of water or colour measurement know that for more than 130 years that they are in good hands.</description>
    </item>
    
    <item>
      <title>Automatic Reflectance Measurement</title>
      <link>https://enviotech.com.bd/services/automatic-reflectance-measurement/</link>
      <pubDate>Mon, 01 Jan 0001 00:00:00 +0000</pubDate>
      
      <guid>https://enviotech.com.bd/services/automatic-reflectance-measurement/</guid>
      <description>Gloss meter: TG 268, TG 60
  An ergonomic, flexible reflectance spectrophotometer: TR 520, TR 500, TRA 520, TRA 500.</description>
    </item>
    
    <item>
      <title>Floc Tester</title>
      <link>https://enviotech.com.bd/services/floc-tester/</link>
      <pubDate>Mon, 01 Jan 0001 00:00:00 +0000</pubDate>
      
      <guid>https://enviotech.com.bd/services/floc-tester/</guid>
      <description>People dealing with the analysis of water or colour measurement know that for more than 130 years that they are in good hands.</description>
    </item>
    
    <item>
      <title>PCB Prototyping Auto Lab</title>
      <link>https://enviotech.com.bd/services/pcb-prototyping-auto-lab-/</link>
      <pubDate>Mon, 01 Jan 0001 00:00:00 +0000</pubDate>
      
      <guid>https://enviotech.com.bd/services/pcb-prototyping-auto-lab-/</guid>
      <description>PCB Prototyping  This product is equipped with higher-quality pressure foot which provides better capability of the milling width consistancy and the vacuum cleaning efficiency.</description>
    </item>
    
  </channel>
</rss>