<?xml version="1.0" encoding="utf-8" standalone="yes"?>
<rss version="2.0" xmlns:atom="http://www.w3.org/2005/Atom">
  <channel>
    <title>Knife Mills on Enviotech | Your Lab Expert</title>
    <link>https://enviotech.com.bd/tags/knife-mills/</link>
    <description>Recent content in Knife Mills on Enviotech | Your Lab Expert</description>
    <generator>Hugo -- gohugo.io</generator>
    <language>en-us</language>
    <lastBuildDate>Sat, 17 Aug 2013 11:22:16 +0600</lastBuildDate>
    
	<atom:link href="https://enviotech.com.bd/tags/knife-mills/index.xml" rel="self" type="application/rss+xml" />
    
    
    <item>
      <title>Lab Knife Mill Machine</title>
      <link>https://enviotech.com.bd/services/lab-knife-mill/</link>
      <pubDate>Sat, 17 Aug 2013 11:22:16 +0600</pubDate>
      
      <guid>https://enviotech.com.bd/services/lab-knife-mill/</guid>
      <description>RETSCH blade plants give totally homogeneous and reproducible size decrease brings about seconds so delegate tests can be taken from any area in the granulating holder.</description>
    </item>
    
  </channel>
</rss>