<?xml version="1.0" encoding="utf-8" standalone="yes"?>
<rss version="2.0" xmlns:atom="http://www.w3.org/2005/Atom">
  <channel>
    <title>Color fastness on Medifast | Your Lab Expert</title>
    <link>https://medifast.store/tags/color-fastness/</link>
    <description>Recent content in Color fastness on Medifast | Your Lab Expert</description>
    <generator>Hugo -- gohugo.io</generator>
    <language>en-us</language>
    <lastBuildDate>Thu, 17 Oct 2019 11:22:16 +0600</lastBuildDate>
    
	<atom:link href="https://medifast.store/tags/color-fastness/index.xml" rel="self" type="application/rss+xml" />
    
    
    <item>
      <title>Textile Lab Testing</title>
      <link>https://medifast.store/services/textile-testing-equipment/</link>
      <pubDate>Thu, 17 Oct 2019 11:22:16 +0600</pubDate>
      
      <guid>https://medifast.store/services/textile-testing-equipment/</guid>
      <description>&lt;p&gt;Get Textile Lab Testing instruments. Get Textile Lab Testing instruments.. Get Textile Lab Testing instruments.&lt;/p&gt;</description>
    </item>
    
  </channel>
</rss>