<?xml version="1.0" encoding="utf-8" standalone="yes"?>
<rss version="2.0" xmlns:atom="http://www.w3.org/2005/Atom">
  <channel>
    <title>Furnace on Medifast | Your Lab Expert</title>
    <link>https://medifast.store/tags/furnace/</link>
    <description>Recent content in Furnace on Medifast | Your Lab Expert</description>
    <generator>Hugo -- gohugo.io</generator>
    <language>en-us</language>
    <lastBuildDate>Thu, 17 Oct 2019 11:22:16 +0600</lastBuildDate>
    
	<atom:link href="https://medifast.store/tags/furnace/index.xml" rel="self" type="application/rss+xml" />
    
    
    <item>
      <title>Furnace Lab Machine</title>
      <link>https://medifast.store/services/furnace-lab-machine/</link>
      <pubDate>Thu, 17 Oct 2019 11:22:16 +0600</pubDate>
      
      <guid>https://medifast.store/services/furnace-lab-machine/</guid>
      <description>Apart from the furnaces shown for production Nabertherm offers a wide range of standard furnaces for laboratories. We keep standard units in stock for short delivery times.</description>
    </item>
    
  </channel>
</rss>