<?xml version="1.0" encoding="utf-8" standalone="yes"?>
<rss version="2.0" xmlns:atom="http://www.w3.org/2005/Atom">
  <channel>
    <title>Tags on Enviotech | Your Lab Expert</title>
    <link>https://enviotech.com.bd/tags/</link>
    <description>Recent content in Tags on Enviotech | Your Lab Expert</description>
    <generator>Hugo -- gohugo.io</generator>
    <language>en-us</language>
    <lastBuildDate>Mon, 13 Apr 2020 11:22:16 +0600</lastBuildDate>
    
	<atom:link href="https://enviotech.com.bd/tags/index.xml" rel="self" type="application/rss+xml" />
    
    
    <item>
      <title>Milling</title>
      <link>https://enviotech.com.bd/tags/milling/</link>
      <pubDate>Mon, 13 Apr 2020 11:22:16 +0600</pubDate>
      
      <guid>https://enviotech.com.bd/tags/milling/</guid>
      <description></description>
    </item>
    
    <item>
      <title>Mortar Grinder</title>
      <link>https://enviotech.com.bd/tags/mortar-grinder/</link>
      <pubDate>Mon, 13 Apr 2020 11:22:16 +0600</pubDate>
      
      <guid>https://enviotech.com.bd/tags/mortar-grinder/</guid>
      <description></description>
    </item>
    
    <item>
      <title>AZO test</title>
      <link>https://enviotech.com.bd/tags/azo-test/</link>
      <pubDate>Sun, 17 Nov 2019 11:22:16 +0600</pubDate>
      
      <guid>https://enviotech.com.bd/tags/azo-test/</guid>
      <description></description>
    </item>
    
    <item>
      <title>Chemical test</title>
      <link>https://enviotech.com.bd/tags/chemical-test/</link>
      <pubDate>Sun, 17 Nov 2019 11:22:16 +0600</pubDate>
      
      <guid>https://enviotech.com.bd/tags/chemical-test/</guid>
      <description></description>
    </item>
    
    <item>
      <title>Color fastness</title>
      <link>https://enviotech.com.bd/tags/color-fastness/</link>
      <pubDate>Sun, 17 Nov 2019 11:22:16 +0600</pubDate>
      
      <guid>https://enviotech.com.bd/tags/color-fastness/</guid>
      <description></description>
    </item>
    
    <item>
      <title>Fabric</title>
      <link>https://enviotech.com.bd/tags/fabric/</link>
      <pubDate>Sun, 17 Nov 2019 11:22:16 +0600</pubDate>
      
      <guid>https://enviotech.com.bd/tags/fabric/</guid>
      <description></description>
    </item>
    
    <item>
      <title>Fiber</title>
      <link>https://enviotech.com.bd/tags/fiber/</link>
      <pubDate>Sun, 17 Nov 2019 11:22:16 +0600</pubDate>
      
      <guid>https://enviotech.com.bd/tags/fiber/</guid>
      <description></description>
    </item>
    
    <item>
      <title>Garment</title>
      <link>https://enviotech.com.bd/tags/garment/</link>
      <pubDate>Sun, 17 Nov 2019 11:22:16 +0600</pubDate>
      
      <guid>https://enviotech.com.bd/tags/garment/</guid>
      <description></description>
    </item>
    
    <item>
      <title>LED test</title>
      <link>https://enviotech.com.bd/tags/led-test/</link>
      <pubDate>Sun, 17 Nov 2019 11:22:16 +0600</pubDate>
      
      <guid>https://enviotech.com.bd/tags/led-test/</guid>
      <description></description>
    </item>
    
    <item>
      <title>Light fastness</title>
      <link>https://enviotech.com.bd/tags/light-fastness/</link>
      <pubDate>Sun, 17 Nov 2019 11:22:16 +0600</pubDate>
      
      <guid>https://enviotech.com.bd/tags/light-fastness/</guid>
      <description></description>
    </item>
    
    <item>
      <title>Textile</title>
      <link>https://enviotech.com.bd/tags/textile/</link>
      <pubDate>Sun, 17 Nov 2019 11:22:16 +0600</pubDate>
      
      <guid>https://enviotech.com.bd/tags/textile/</guid>
      <description></description>
    </item>
    
    <item>
      <title>Wash Fastness</title>
      <link>https://enviotech.com.bd/tags/wash-fastness/</link>
      <pubDate>Sun, 17 Nov 2019 11:22:16 +0600</pubDate>
      
      <guid>https://enviotech.com.bd/tags/wash-fastness/</guid>
      <description></description>
    </item>
    
    <item>
      <title>Yarn</title>
      <link>https://enviotech.com.bd/tags/yarn/</link>
      <pubDate>Sun, 17 Nov 2019 11:22:16 +0600</pubDate>
      
      <guid>https://enviotech.com.bd/tags/yarn/</guid>
      <description></description>
    </item>
    
    <item>
      <title>Automatic Reflectance Measurement</title>
      <link>https://enviotech.com.bd/tags/automatic-reflectance-measurement/</link>
      <pubDate>Thu, 17 Oct 2019 11:22:16 +0600</pubDate>
      
      <guid>https://enviotech.com.bd/tags/automatic-reflectance-measurement/</guid>
      <description></description>
    </item>
    
    <item>
      <title>Automatic Transmission Measurement</title>
      <link>https://enviotech.com.bd/tags/automatic-transmission-measurement/</link>
      <pubDate>Thu, 17 Oct 2019 11:22:16 +0600</pubDate>
      
      <guid>https://enviotech.com.bd/tags/automatic-transmission-measurement/</guid>
      <description></description>
    </item>
    
    <item>
      <title>Colour Measurement</title>
      <link>https://enviotech.com.bd/tags/colour-measurement/</link>
      <pubDate>Thu, 17 Oct 2019 11:22:16 +0600</pubDate>
      
      <guid>https://enviotech.com.bd/tags/colour-measurement/</guid>
      <description></description>
    </item>
    
    <item>
      <title>Standards</title>
      <link>https://enviotech.com.bd/tags/standards/</link>
      <pubDate>Thu, 17 Oct 2019 11:22:16 +0600</pubDate>
      
      <guid>https://enviotech.com.bd/tags/standards/</guid>
      <description></description>
    </item>
    
    <item>
      <title>TA 4 Online-System</title>
      <link>https://enviotech.com.bd/tags/ta-4-online-system/</link>
      <pubDate>Thu, 17 Oct 2019 11:22:16 +0600</pubDate>
      
      <guid>https://enviotech.com.bd/tags/ta-4-online-system/</guid>
      <description></description>
    </item>
    
    <item>
      <title>Visual Measurement</title>
      <link>https://enviotech.com.bd/tags/visual-measurement/</link>
      <pubDate>Thu, 17 Oct 2019 11:22:16 +0600</pubDate>
      
      <guid>https://enviotech.com.bd/tags/visual-measurement/</guid>
      <description></description>
    </item>
    
    <item>
      <title>Sieve Shakers</title>
      <link>https://enviotech.com.bd/tags/sieve-shakers/</link>
      <pubDate>Fri, 17 May 2019 11:22:16 +0600</pubDate>
      
      <guid>https://enviotech.com.bd/tags/sieve-shakers/</guid>
      <description></description>
    </item>
    
    <item>
      <title>Jaw Crushers</title>
      <link>https://enviotech.com.bd/tags/jaw-crushers/</link>
      <pubDate>Sat, 17 Feb 2018 11:22:16 +0600</pubDate>
      
      <guid>https://enviotech.com.bd/tags/jaw-crushers/</guid>
      <description></description>
    </item>
    
    <item>
      <title>Analytical Instruments</title>
      <link>https://enviotech.com.bd/tags/analytical-instruments/</link>
      <pubDate>Tue, 17 Oct 2017 11:22:16 +0600</pubDate>
      
      <guid>https://enviotech.com.bd/tags/analytical-instruments/</guid>
      <description></description>
    </item>
    
    <item>
      <title>BOD Determination tester</title>
      <link>https://enviotech.com.bd/tags/bod-determination-tester/</link>
      <pubDate>Tue, 17 Oct 2017 11:22:16 +0600</pubDate>
      
      <guid>https://enviotech.com.bd/tags/bod-determination-tester/</guid>
      <description></description>
    </item>
    
    <item>
      <title>Water Testing</title>
      <link>https://enviotech.com.bd/tags/water-testing/</link>
      <pubDate>Tue, 17 Oct 2017 11:22:16 +0600</pubDate>
      
      <guid>https://enviotech.com.bd/tags/water-testing/</guid>
      <description></description>
    </item>
    
    <item>
      <title>Ashing Furnaces</title>
      <link>https://enviotech.com.bd/tags/ashing-furnaces/</link>
      <pubDate>Thu, 14 Jan 2016 11:22:16 +0600</pubDate>
      
      <guid>https://enviotech.com.bd/tags/ashing-furnaces/</guid>
      <description></description>
    </item>
    
    <item>
      <title>Assay Furnaces</title>
      <link>https://enviotech.com.bd/tags/assay-furnaces/</link>
      <pubDate>Thu, 14 Jan 2016 11:22:16 +0600</pubDate>
      
      <guid>https://enviotech.com.bd/tags/assay-furnaces/</guid>
      <description></description>
    </item>
    
    <item>
      <title>Chamber Furnaces</title>
      <link>https://enviotech.com.bd/tags/chamber-furnaces/</link>
      <pubDate>Thu, 14 Jan 2016 11:22:16 +0600</pubDate>
      
      <guid>https://enviotech.com.bd/tags/chamber-furnaces/</guid>
      <description></description>
    </item>
    
    <item>
      <title>Furnace</title>
      <link>https://enviotech.com.bd/tags/furnace/</link>
      <pubDate>Thu, 14 Jan 2016 11:22:16 +0600</pubDate>
      
      <guid>https://enviotech.com.bd/tags/furnace/</guid>
      <description></description>
    </item>
    
    <item>
      <title>Muffle Furnaces</title>
      <link>https://enviotech.com.bd/tags/muffle-furnaces/</link>
      <pubDate>Thu, 14 Jan 2016 11:22:16 +0600</pubDate>
      
      <guid>https://enviotech.com.bd/tags/muffle-furnaces/</guid>
      <description></description>
    </item>
    
    <item>
      <title>Ovens</title>
      <link>https://enviotech.com.bd/tags/ovens/</link>
      <pubDate>Thu, 14 Jan 2016 11:22:16 +0600</pubDate>
      
      <guid>https://enviotech.com.bd/tags/ovens/</guid>
      <description></description>
    </item>
    
    <item>
      <title>Preheating Furnaces</title>
      <link>https://enviotech.com.bd/tags/preheating-furnaces/</link>
      <pubDate>Thu, 14 Jan 2016 11:22:16 +0600</pubDate>
      
      <guid>https://enviotech.com.bd/tags/preheating-furnaces/</guid>
      <description></description>
    </item>
    
    <item>
      <title>Electronics</title>
      <link>https://enviotech.com.bd/tags/electronics/</link>
      <pubDate>Wed, 17 Jun 2015 11:22:16 +0600</pubDate>
      
      <guid>https://enviotech.com.bd/tags/electronics/</guid>
      <description></description>
    </item>
    
    <item>
      <title>PCB Prototyping</title>
      <link>https://enviotech.com.bd/tags/pcb-prototyping/</link>
      <pubDate>Wed, 17 Jun 2015 11:22:16 +0600</pubDate>
      
      <guid>https://enviotech.com.bd/tags/pcb-prototyping/</guid>
      <description></description>
    </item>
    
    <item>
      <title>Precision Cutting</title>
      <link>https://enviotech.com.bd/tags/precision-cutting/</link>
      <pubDate>Wed, 17 Jun 2015 11:22:16 +0600</pubDate>
      
      <guid>https://enviotech.com.bd/tags/precision-cutting/</guid>
      <description></description>
    </item>
    
    <item>
      <title>Disk Mills</title>
      <link>https://enviotech.com.bd/tags/disk-mills/</link>
      <pubDate>Mon, 17 Nov 2014 11:22:16 +0600</pubDate>
      
      <guid>https://enviotech.com.bd/tags/disk-mills/</guid>
      <description></description>
    </item>
    
    <item>
      <title>Knife Mills</title>
      <link>https://enviotech.com.bd/tags/knife-mills/</link>
      <pubDate>Sat, 17 Aug 2013 11:22:16 +0600</pubDate>
      
      <guid>https://enviotech.com.bd/tags/knife-mills/</guid>
      <description></description>
    </item>
    
    <item>
      <title>Eleven Lab</title>
      <link>https://enviotech.com.bd/tags/eleven-lab/</link>
      <pubDate>Mon, 17 Dec 2012 11:22:16 +0600</pubDate>
      
      <guid>https://enviotech.com.bd/tags/eleven-lab/</guid>
      <description></description>
    </item>
    
    <item>
      <title>Colorimeters</title>
      <link>https://enviotech.com.bd/tags/colorimeters/</link>
      <pubDate>Thu, 01 Nov 2012 11:22:16 +0600</pubDate>
      
      <guid>https://enviotech.com.bd/tags/colorimeters/</guid>
      <description></description>
    </item>
    
    <item>
      <title>Photometers</title>
      <link>https://enviotech.com.bd/tags/photometers/</link>
      <pubDate>Thu, 01 Nov 2012 11:22:16 +0600</pubDate>
      
      <guid>https://enviotech.com.bd/tags/photometers/</guid>
      <description></description>
    </item>
    
    <item>
      <title>Spectrophotometers</title>
      <link>https://enviotech.com.bd/tags/spectrophotometers/</link>
      <pubDate>Thu, 01 Nov 2012 11:22:16 +0600</pubDate>
      
      <guid>https://enviotech.com.bd/tags/spectrophotometers/</guid>
      <description></description>
    </item>
    
    <item>
      <title>Cutting Mills</title>
      <link>https://enviotech.com.bd/tags/cutting-mills/</link>
      <pubDate>Mon, 17 Oct 2011 11:22:16 +0600</pubDate>
      
      <guid>https://enviotech.com.bd/tags/cutting-mills/</guid>
      <description></description>
    </item>
    
    <item>
      <title>Electrochemical measurement</title>
      <link>https://enviotech.com.bd/tags/electrochemical-measurement/</link>
      <pubDate>Wed, 17 Nov 2010 11:22:16 +0600</pubDate>
      
      <guid>https://enviotech.com.bd/tags/electrochemical-measurement/</guid>
      <description></description>
    </item>
    
    <item>
      <title>Electrochemistry</title>
      <link>https://enviotech.com.bd/tags/electrochemistry/</link>
      <pubDate>Wed, 17 Nov 2010 11:22:16 +0600</pubDate>
      
      <guid>https://enviotech.com.bd/tags/electrochemistry/</guid>
      <description></description>
    </item>
    
    <item>
      <title>Rotor Mills</title>
      <link>https://enviotech.com.bd/tags/rotor-mills/</link>
      <pubDate>Mon, 09 Nov 2009 11:22:16 +0600</pubDate>
      
      <guid>https://enviotech.com.bd/tags/rotor-mills/</guid>
      <description></description>
    </item>
    
    <item>
      <title>Ball Mills</title>
      <link>https://enviotech.com.bd/tags/ball-mills/</link>
      <pubDate>Fri, 07 Aug 2009 11:22:16 +0600</pubDate>
      
      <guid>https://enviotech.com.bd/tags/ball-mills/</guid>
      <description></description>
    </item>
    
    <item>
      <title>Auto Lab</title>
      <link>https://enviotech.com.bd/tags/auto-lab/</link>
      <pubDate>Mon, 01 Jan 0001 00:00:00 +0000</pubDate>
      
      <guid>https://enviotech.com.bd/tags/auto-lab/</guid>
      <description></description>
    </item>
    
    <item>
      <title>Cuvettes / cells</title>
      <link>https://enviotech.com.bd/tags/cuvettes-/-cells/</link>
      <pubDate>Mon, 01 Jan 0001 00:00:00 +0000</pubDate>
      
      <guid>https://enviotech.com.bd/tags/cuvettes-/-cells/</guid>
      <description></description>
    </item>
    
    <item>
      <title>FLOC Tester</title>
      <link>https://enviotech.com.bd/tags/floc-tester/</link>
      <pubDate>Mon, 01 Jan 0001 00:00:00 +0000</pubDate>
      
      <guid>https://enviotech.com.bd/tags/floc-tester/</guid>
      <description></description>
    </item>
    
    <item>
      <title>TLC 60 / TLC 120 Lighting Cabinets</title>
      <link>https://enviotech.com.bd/tags/tlc-60-/-tlc-120-lighting-cabinets/</link>
      <pubDate>Mon, 01 Jan 0001 00:00:00 +0000</pubDate>
      
      <guid>https://enviotech.com.bd/tags/tlc-60-/-tlc-120-lighting-cabinets/</guid>
      <description></description>
    </item>
    
  </channel>
</rss>