<?xml version="1.0" encoding="utf-8" standalone="yes"?>
<rss version="2.0" xmlns:atom="http://www.w3.org/2005/Atom">
  <channel>
    <title>Auto Lab on Medifast | Your Lab Expert</title>
    <link>https://medifast.store/tags/auto-lab/</link>
    <description>Recent content in Auto Lab on Medifast | Your Lab Expert</description>
    <generator>Hugo -- gohugo.io</generator>
    <language>en-us</language>
    <lastBuildDate>Thu, 17 Oct 2019 11:22:16 +0600</lastBuildDate>
    
	<atom:link href="https://medifast.store/tags/auto-lab/index.xml" rel="self" type="application/rss+xml" />
    
    
    <item>
      <title>PCB Prototyping Auto Lab</title>
      <link>https://medifast.store/services/pcb-prototyping-auto-lab-/</link>
      <pubDate>Thu, 17 Oct 2019 11:22:16 +0600</pubDate>
      
      <guid>https://medifast.store/services/pcb-prototyping-auto-lab-/</guid>
      <description>PCB Prototyping  This product is equipped with higher-quality pressure foot which provides better capability of the milling width consistancy and the vacuum cleaning efficiency.</description>
    </item>
    
  </channel>
</rss>