<?xml version="1.0" encoding="utf-8" standalone="yes"?>
<rss version="2.0" xmlns:atom="http://www.w3.org/2005/Atom">
  <channel>
    <title>Blog on Enviotech | Your Lab Expert</title>
    <link>https://enviotech.com.bd/blog/</link>
    <description>Recent content in Blog on Enviotech | Your Lab Expert</description>
    <generator>Hugo -- gohugo.io</generator>
    <language>en-us</language>
    <lastBuildDate>Tue, 17 Nov 2009 11:22:16 +0600</lastBuildDate>
    
	<atom:link href="https://enviotech.com.bd/blog/index.xml" rel="self" type="application/rss+xml" />
    
    
    <item>
      <title>Quality lab equipment matters</title>
      <link>https://enviotech.com.bd/blog/research-lab-growth/</link>
      <pubDate>Tue, 11 Feb 2020 11:22:16 +0600</pubDate>
      
      <guid>https://enviotech.com.bd/blog/research-lab-growth/</guid>
      <description>We are providing quality lab products eg. Incubators and Drying Ovens, Centrifuses, Refrigerated Circulators, Immersion Coolers, Flow Coolers, Dosing Equipment, Dry Equipment, Photometry, Conductivity Measurement, Homogenisers, Cooling- And Freezing Equipment, Laboratory Blenders, Grinding Equipment, Mixing Equipment, Sampling, Oil- And Water Baths, Optics And Microscopes, Orp Measurement, Furnaces, Ph Measurement, Cleaning- And Disinfection Equipment, Stir Equipment, Rotatieverdampers, Counters, Temperature Measurement, Thermo Mixers, Bath Circulators, Time Measurement, Ultrasonic Baths, Dilute Equipment, Heating Equipment, Weighing Equipment, Sieve Equipment, Oxygen Measurement Etc.</description>
    </item>
    
    <item>
      <title>Clinical laboratory test market size analysis and research</title>
      <link>https://enviotech.com.bd/blog/clinical-lab-market/</link>
      <pubDate>Fri, 13 Sep 2019 11:22:16 +0600</pubDate>
      
      <guid>https://enviotech.com.bd/blog/clinical-lab-market/</guid>
      <description>ক্লিনিকাল ল্যাবরেটরি পরীক্ষার বাজারের আকার, শেয়ার এবং ট্রেন্ড বিশ্লেষণ প্রতিবেদন (সিবিসি, এইচবিবি / এইচসিটি, বিএমপি, বিএন ক্রিয়েটিনাইন, ইলেক্ট্রোলাইট পরীক্ষা, এইচবিএ ১ সি, সিএমপি, লিভার প্যানেল, রেনাল প্যানেল, লিপিড প্যানেল)</description>
    </item>
    
  </channel>
</rss>