<?xml version="1.0" encoding="utf-8" standalone="yes"?>
<rss version="2.0" xmlns:atom="http://www.w3.org/2005/Atom">
  <channel>
    <title>Disk Mills on Enviotech | Your Lab Expert</title>
    <link>https://enviotech.com.bd/tags/disk-mills/</link>
    <description>Recent content in Disk Mills on Enviotech | Your Lab Expert</description>
    <generator>Hugo -- gohugo.io</generator>
    <language>en-us</language>
    <lastBuildDate>Mon, 17 Nov 2014 11:22:16 +0600</lastBuildDate>
    
	<atom:link href="https://enviotech.com.bd/tags/disk-mills/index.xml" rel="self" type="application/rss+xml" />
    
    
    <item>
      <title>Lab Disk Mills</title>
      <link>https://enviotech.com.bd/services/lab-disk-mills/</link>
      <pubDate>Mon, 17 Nov 2014 11:22:16 +0600</pubDate>
      
      <guid>https://enviotech.com.bd/services/lab-disk-mills/</guid>
      <description>RETSCH Vibratory Disk Mills are especially appropriate for fast, misfortune free granulating of hard, weak and stringy materials to diagnostic fineness.</description>
    </item>
    
  </channel>
</rss>