<?xml version="1.0" encoding="utf-8" standalone="yes"?>
<rss version="2.0" xmlns:atom="http://www.w3.org/2005/Atom">
  <channel>
    <title>Cutting Mills on Enviotech | Your Lab Expert</title>
    <link>https://enviotech.com.bd/tags/cutting-mills/</link>
    <description>Recent content in Cutting Mills on Enviotech | Your Lab Expert</description>
    <generator>Hugo -- gohugo.io</generator>
    <language>en-us</language>
    <lastBuildDate>Mon, 17 Oct 2011 11:22:16 +0600</lastBuildDate>
    
	<atom:link href="https://enviotech.com.bd/tags/cutting-mills/index.xml" rel="self" type="application/rss+xml" />
    
    
    <item>
      <title>Lab Cutting Mills</title>
      <link>https://enviotech.com.bd/services/lab-cutting-mills/</link>
      <pubDate>Mon, 17 Oct 2011 11:22:16 +0600</pubDate>
      
      <guid>https://enviotech.com.bd/services/lab-cutting-mills/</guid>
      <description>RETSCH cutting factories give exceptionally proficient essential size decrease of heterogeneous material blends but on the other hand are appropriate for pounding delicate, medium-hard, versatile or stringy examples.</description>
    </item>
    
  </channel>
</rss>