<?xml version="1.0" encoding="utf-8" standalone="yes"?>
<rss version="2.0" xmlns:atom="http://www.w3.org/2005/Atom">
  <channel>
    <title>Photometers on Enviotech | Your Lab Expert</title>
    <link>https://enviotech.com.bd/tags/photometers/</link>
    <description>Recent content in Photometers on Enviotech | Your Lab Expert</description>
    <generator>Hugo -- gohugo.io</generator>
    <language>en-us</language>
    <lastBuildDate>Thu, 01 Nov 2012 11:22:16 +0600</lastBuildDate>
    
	<atom:link href="https://enviotech.com.bd/tags/photometers/index.xml" rel="self" type="application/rss+xml" />
    
    
    <item>
      <title>Laboratory Colorimeters</title>
      <link>https://enviotech.com.bd/services/colorimeters/</link>
      <pubDate>Thu, 01 Nov 2012 11:22:16 +0600</pubDate>
      
      <guid>https://enviotech.com.bd/services/colorimeters/</guid>
      <description>People dealing with the analysis of water or colour measurement know that for more than 130 years that they are in good hands.</description>
    </item>
    
    <item>
      <title>Laboratory Spectrophotometers</title>
      <link>https://enviotech.com.bd/services/spectrophotometers/</link>
      <pubDate>Sun, 17 Oct 2010 11:22:16 +0600</pubDate>
      
      <guid>https://enviotech.com.bd/services/spectrophotometers/</guid>
      <description>People dealing with the analysis of water or colour measurement know that for more than 130 years that they are in good hands.</description>
    </item>
    
    <item>
      <title>Laboratory Photometers</title>
      <link>https://enviotech.com.bd/services/photometers/</link>
      <pubDate>Fri, 17 Oct 2008 11:22:16 +0600</pubDate>
      
      <guid>https://enviotech.com.bd/services/photometers/</guid>
      <description>People dealing with the analysis of water or colour measurement know that for more than 130 years that they are in good hands.</description>
    </item>
    
  </channel>
</rss>