<?xml version="1.0" encoding="utf-8" standalone="yes"?>
<rss version="2.0" xmlns:atom="http://www.w3.org/2005/Atom">
  <channel>
    <title>Mortar Grinder on Medifast | Your Lab Expert</title>
    <link>https://medifast.store/tags/mortar-grinder/</link>
    <description>Recent content in Mortar Grinder on Medifast | Your Lab Expert</description>
    <generator>Hugo -- gohugo.io</generator>
    <language>en-us</language>
    <lastBuildDate>Thu, 17 Oct 2019 11:22:16 +0600</lastBuildDate>
    
	<atom:link href="https://medifast.store/tags/mortar-grinder/index.xml" rel="self" type="application/rss+xml" />
    
    
    <item>
      <title>Lab Mortar Grinder Machine</title>
      <link>https://medifast.store/services/lab-mortar-grinder/</link>
      <pubDate>Thu, 17 Oct 2019 11:22:16 +0600</pubDate>
      
      <guid>https://medifast.store/services/lab-mortar-grinder/</guid>
      <description>Application: ashes, cement clinker, chemical products, coal, cocoa nibs, coke, drugs, food, homeopathic materials, nuts, oil seeds, pharmaceutical materials, plant materials, salts, silicates, slag, soils, spices, tiles, yeast cells.</description>
    </item>
    
  </channel>
</rss>