<?xml version="1.0" encoding="utf-8" standalone="yes"?>
<rss version="2.0" xmlns:atom="http://www.w3.org/2005/Atom">
  <channel>
    <title>Blog on Medifast | Your Lab Expert</title>
    <link>https://medifast.store/blog/</link>
    <description>Recent content in Blog on Medifast | Your Lab Expert</description>
    <generator>Hugo -- gohugo.io</generator>
    <language>en-us</language>
    <lastBuildDate>Thu, 17 Oct 2019 11:22:16 +0600</lastBuildDate>
    
	<atom:link href="https://medifast.store/blog/index.xml" rel="self" type="application/rss+xml" />
    
    
    <item>
      <title>Clinical laboratory test market size analysis and research</title>
      <link>https://medifast.store/blog/clinical-lab-market/</link>
      <pubDate>Thu, 17 Oct 2019 11:22:16 +0600</pubDate>
      
      <guid>https://medifast.store/blog/clinical-lab-market/</guid>
      <description>ক্লিনিকাল ল্যাবরেটরি পরীক্ষার বাজারের আকার, শেয়ার এবং ট্রেন্ড বিশ্লেষণ প্রতিবেদন (সিবিসি, এইচবিবি / এইচসিটি, বিএমপি, বিএন ক্রিয়েটিনাইন, ইলেক্ট্রোলাইট পরীক্ষা, এইচবিএ ১ সি, সিএমপি, লিভার প্যানেল, রেনাল প্যানেল, লিপিড প্যানেল)</description>
    </item>
    
    <item>
      <title>Human Gut Microbes Could Make Processed Foods Healthier</title>
      <link>https://medifast.store/blog/research-lab-growth/</link>
      <pubDate>Thu, 17 Oct 2019 11:22:16 +0600</pubDate>
      
      <guid>https://medifast.store/blog/research-lab-growth/</guid>
      <description>La Néo is a cosmetic clinic specializing in skin and body rejuvenation, contouring, slimming, tightening, and weight loss.
Whether you want to minimize the signs of aging or enhance the appearance of your face, skin, and body.</description>
    </item>
    
  </channel>
</rss>