<?xml version="1.0" encoding="utf-8" standalone="yes"?>
<rss version="2.0" xmlns:atom="http://www.w3.org/2005/Atom">
  <channel>
    <title>Jaw Crushers on Medifast | Your Lab Expert</title>
    <link>https://medifast.store/tags/jaw-crushers/</link>
    <description>Recent content in Jaw Crushers on Medifast | Your Lab Expert</description>
    <generator>Hugo -- gohugo.io</generator>
    <language>en-us</language>
    <lastBuildDate>Thu, 17 Oct 2019 11:22:16 +0600</lastBuildDate>
    
	<atom:link href="https://medifast.store/tags/jaw-crushers/index.xml" rel="self" type="application/rss+xml" />
    
    
    <item>
      <title>Milling Jaw Crusher</title>
      <link>https://medifast.store/services/milling-jaw-crusher/</link>
      <pubDate>Thu, 17 Oct 2019 11:22:16 +0600</pubDate>
      
      <guid>https://medifast.store/services/milling-jaw-crusher/</guid>
      <description>RETSCH gives size decrease and sieving gear intended for test planning and portrayal of solids.  Retsch company video     Crude materials, green bodies and sintered items should be investigated with respect to their mineralogical and compound piece just as to their auxiliary properties to advance the earthenware creation process.</description>
    </item>
    
  </channel>
</rss>