<?xml version="1.0" encoding="utf-8" standalone="yes"?>
<rss version="2.0" xmlns:atom="http://www.w3.org/2005/Atom">
  <channel>
    <title>Analytical Instruments on Medifast | Your Lab Expert</title>
    <link>https://medifast.store/tags/analytical-instruments/</link>
    <description>Recent content in Analytical Instruments on Medifast | Your Lab Expert</description>
    <generator>Hugo -- gohugo.io</generator>
    <language>en-us</language>
    <lastBuildDate>Thu, 17 Oct 2019 11:22:16 +0600</lastBuildDate>
    
	<atom:link href="https://medifast.store/tags/analytical-instruments/index.xml" rel="self" type="application/rss+xml" />
    
    
    <item>
      <title>Electrochemical measurement instruments</title>
      <link>https://medifast.store/services/electrochemistry/</link>
      <pubDate>Thu, 17 Oct 2019 11:22:16 +0600</pubDate>
      
      <guid>https://medifast.store/services/electrochemistry/</guid>
      <description>People dealing with the analysis of water or colour measurement know that for more than 130 years that they are in good hands.</description>
    </item>
    
    <item>
      <title>Floc Tester</title>
      <link>https://medifast.store/services/floc-tester/</link>
      <pubDate>Thu, 17 Oct 2019 11:22:16 +0600</pubDate>
      
      <guid>https://medifast.store/services/floc-tester/</guid>
      <description>People dealing with the analysis of water or colour measurement know that for more than 130 years that they are in good hands.</description>
    </item>
    
    <item>
      <title>Laboratory BOD Tester</title>
      <link>https://medifast.store/services/bod-determination/</link>
      <pubDate>Thu, 17 Oct 2019 11:22:16 +0600</pubDate>
      
      <guid>https://medifast.store/services/bod-determination/</guid>
      <description>Model: BD 600 GLP- Respirometric measuring system optimized for biodegradability tests under GLP conditions
  The BD 600 is a respirometric system for the determination of Biochemical Oxygen Demand (BOD).</description>
    </item>
    
    <item>
      <title>Laboratory Colorimeters</title>
      <link>https://medifast.store/services/colorimeters/</link>
      <pubDate>Thu, 17 Oct 2019 11:22:16 +0600</pubDate>
      
      <guid>https://medifast.store/services/colorimeters/</guid>
      <description>People dealing with the analysis of water or colour measurement know that for more than 130 years that they are in good hands.</description>
    </item>
    
    <item>
      <title>Laboratory Photometers</title>
      <link>https://medifast.store/services/photometers/</link>
      <pubDate>Thu, 17 Oct 2019 11:22:16 +0600</pubDate>
      
      <guid>https://medifast.store/services/photometers/</guid>
      <description>People dealing with the analysis of water or colour measurement know that for more than 130 years that they are in good hands.</description>
    </item>
    
    <item>
      <title>Laboratory Spectrophotometers</title>
      <link>https://medifast.store/services/spectrophotometers/</link>
      <pubDate>Thu, 17 Oct 2019 11:22:16 +0600</pubDate>
      
      <guid>https://medifast.store/services/spectrophotometers/</guid>
      <description>People dealing with the analysis of water or colour measurement know that for more than 130 years that they are in good hands.</description>
    </item>
    
  </channel>
</rss>