<?xml version="1.0" encoding="utf-8" standalone="yes"?>
<rss version="2.0" xmlns:atom="http://www.w3.org/2005/Atom">
  <channel>
    <title>Ball Mills on Medifast | Your Lab Expert</title>
    <link>https://medifast.store/tags/ball-mills/</link>
    <description>Recent content in Ball Mills on Medifast | Your Lab Expert</description>
    <generator>Hugo -- gohugo.io</generator>
    <language>en-us</language>
    <lastBuildDate>Thu, 17 Oct 2019 11:22:16 +0600</lastBuildDate>
    
	<atom:link href="https://medifast.store/tags/ball-mills/index.xml" rel="self" type="application/rss+xml" />
    
    
    <item>
      <title>Lab Ball Mills</title>
      <link>https://medifast.store/services/lab-ball-mills/</link>
      <pubDate>Thu, 17 Oct 2019 11:22:16 +0600</pubDate>
      
      <guid>https://medifast.store/services/lab-ball-mills/</guid>
      <description>Ball Mills   Ball mills are among the most variable and effective tools when it comes to size reduction of hard, brittle or fibrous materials.</description>
    </item>
    
  </channel>
</rss>