<?xml version="1.0" encoding="utf-8" standalone="yes"?>
<rss version="2.0" xmlns:atom="http://www.w3.org/2005/Atom">
  <channel>
    <title>Sieve Shakers on Enviotech | Your Lab Expert</title>
    <link>https://enviotech.com.bd/tags/sieve-shakers/</link>
    <description>Recent content in Sieve Shakers on Enviotech | Your Lab Expert</description>
    <generator>Hugo -- gohugo.io</generator>
    <language>en-us</language>
    <lastBuildDate>Fri, 17 May 2019 11:22:16 +0600</lastBuildDate>
    
	<atom:link href="https://enviotech.com.bd/tags/sieve-shakers/index.xml" rel="self" type="application/rss+xml" />
    
    
    <item>
      <title>Lab Sieve Shakers Machine</title>
      <link>https://enviotech.com.bd/services/lab-sieve-shakers/</link>
      <pubDate>Fri, 17 May 2019 11:22:16 +0600</pubDate>
      
      <guid>https://enviotech.com.bd/services/lab-sieve-shakers/</guid>
      <description>RETSCH sieve shakers and sieving machines not only covers a wide measuring range. Thanks to different sieving motions and sieve sizes, the RETSCH sieve shaker range is suitable for almost any bulk material.</description>
    </item>
    
  </channel>
</rss>