<?xml version="1.0" encoding="utf-8" standalone="yes"?>
<rss version="2.0" xmlns:atom="http://www.w3.org/2005/Atom">
  <channel>
    <title>PCB Prototyping on Enviotech | Your Lab Expert</title>
    <link>https://enviotech.com.bd/tags/pcb-prototyping/</link>
    <description>Recent content in PCB Prototyping on Enviotech | Your Lab Expert</description>
    <generator>Hugo -- gohugo.io</generator>
    <language>en-us</language>
    <lastBuildDate>Wed, 17 Jun 2015 11:22:16 +0600</lastBuildDate>
    
	<atom:link href="https://enviotech.com.bd/tags/pcb-prototyping/index.xml" rel="self" type="application/rss+xml" />
    
    
    <item>
      <title>PCB Precision Cutting</title>
      <link>https://enviotech.com.bd/services/pcb-precision-cutting/</link>
      <pubDate>Wed, 17 Jun 2015 11:22:16 +0600</pubDate>
      
      <guid>https://enviotech.com.bd/services/pcb-precision-cutting/</guid>
      <description>PCB Prototyping   This product is equipped with higher-quality pressure foot which provides better capability of the milling width consistancy and the vacuum cleaning efficiency.</description>
    </item>
    
    <item>
      <title>PCB Prototyping Eleven Lab </title>
      <link>https://enviotech.com.bd/services/pcb-prototyping-eleven-lab/</link>
      <pubDate>Mon, 17 Dec 2012 11:22:16 +0600</pubDate>
      
      <guid>https://enviotech.com.bd/services/pcb-prototyping-eleven-lab/</guid>
      <description>PCB Prototyping  This product is equipped with higher-quality pressure foot which provides better capability of the milling width consistancy and the vacuum cleaning efficiency.</description>
    </item>
    
    <item>
      <title>PCB Prototyping Auto Lab</title>
      <link>https://enviotech.com.bd/services/pcb-prototyping-auto-lab-/</link>
      <pubDate>Mon, 01 Jan 0001 00:00:00 +0000</pubDate>
      
      <guid>https://enviotech.com.bd/services/pcb-prototyping-auto-lab-/</guid>
      <description>PCB Prototyping  This product is equipped with higher-quality pressure foot which provides better capability of the milling width consistancy and the vacuum cleaning efficiency.</description>
    </item>
    
  </channel>
</rss>