<?xml version="1.0" encoding="utf-8" standalone="yes"?>
<rss version="2.0" xmlns:atom="http://www.w3.org/2005/Atom">
  <channel>
    <title>Electrochemistry on Enviotech | Your Lab Expert</title>
    <link>https://enviotech.com.bd/tags/electrochemistry/</link>
    <description>Recent content in Electrochemistry on Enviotech | Your Lab Expert</description>
    <generator>Hugo -- gohugo.io</generator>
    <language>en-us</language>
    <lastBuildDate>Wed, 17 Nov 2010 11:22:16 +0600</lastBuildDate>
    
	<atom:link href="https://enviotech.com.bd/tags/electrochemistry/index.xml" rel="self" type="application/rss+xml" />
    
    
    <item>
      <title>Electrochemical measurement instruments</title>
      <link>https://enviotech.com.bd/services/electrochemistry/</link>
      <pubDate>Wed, 17 Nov 2010 11:22:16 +0600</pubDate>
      
      <guid>https://enviotech.com.bd/services/electrochemistry/</guid>
      <description>People dealing with the analysis of water or colour measurement know that for more than 130 years that they are in good hands.</description>
    </item>
    
  </channel>
</rss>