<?xml version="1.0" encoding="utf-8" standalone="yes"?>
<rss version="2.0" xmlns:atom="http://www.w3.org/2005/Atom">
  <channel>
    <title>Fiber on Enviotech | Your Lab Expert</title>
    <link>https://enviotech.com.bd/tags/fiber/</link>
    <description>Recent content in Fiber on Enviotech | Your Lab Expert</description>
    <generator>Hugo -- gohugo.io</generator>
    <language>en-us</language>
    <lastBuildDate>Sun, 17 Nov 2019 11:22:16 +0600</lastBuildDate>
    
	<atom:link href="https://enviotech.com.bd/tags/fiber/index.xml" rel="self" type="application/rss+xml" />
    
    
    <item>
      <title>Textile Lab Testing</title>
      <link>https://enviotech.com.bd/services/textile-testing-equipment/</link>
      <pubDate>Sun, 17 Nov 2019 11:22:16 +0600</pubDate>
      
      <guid>https://enviotech.com.bd/services/textile-testing-equipment/</guid>
      <description>&lt;p&gt;Get Textile Lab Testing instruments. Get Textile Lab Testing instruments.. Get Textile Lab Testing instruments.&lt;/p&gt;</description>
    </item>
    
  </channel>
</rss>