<?xml version="1.0" encoding="utf-8" standalone="yes"?>
<rss version="2.0" xmlns:atom="http://www.w3.org/2005/Atom">
  <channel>
    <title>Mortar Grinder on Enviotech | Your Lab Expert</title>
    <link>https://enviotech.com.bd/tags/mortar-grinder/</link>
    <description>Recent content in Mortar Grinder on Enviotech | Your Lab Expert</description>
    <generator>Hugo -- gohugo.io</generator>
    <language>en-us</language>
    <lastBuildDate>Mon, 13 Apr 2020 11:22:16 +0600</lastBuildDate>
    
	<atom:link href="https://enviotech.com.bd/tags/mortar-grinder/index.xml" rel="self" type="application/rss+xml" />
    
    
    <item>
      <title>Lab Mortar Grinder Machine</title>
      <link>https://enviotech.com.bd/services/lab-mortar-grinder/</link>
      <pubDate>Mon, 13 Apr 2020 11:22:16 +0600</pubDate>
      
      <guid>https://enviotech.com.bd/services/lab-mortar-grinder/</guid>
      <description>Application: ashes, cement clinker, chemical products, coal, cocoa nibs, coke, drugs, food, homeopathic materials, nuts, oil seeds, pharmaceutical materials, plant materials, salts, silicates, slag, soils, spices, tiles, yeast cells.</description>
    </item>
    
  </channel>
</rss>