<?xml version="1.0" encoding="utf-8" standalone="yes"?>
<rss version="2.0" xmlns:atom="http://www.w3.org/2005/Atom">
  <channel>
    <title>Cuvettes / cells on Enviotech | Your Lab Expert</title>
    <link>https://enviotech.com.bd/tags/cuvettes-/-cells/</link>
    <description>Recent content in Cuvettes / cells on Enviotech | Your Lab Expert</description>
    <generator>Hugo -- gohugo.io</generator>
    <language>en-us</language>
    
	<atom:link href="https://enviotech.com.bd/tags/cuvettes-/-cells/index.xml" rel="self" type="application/rss+xml" />
    
    
    <item>
      <title>Automatic Transmission Measurement</title>
      <link>https://enviotech.com.bd/services/automatic-transmission-measurement/</link>
      <pubDate>Thu, 17 Oct 2019 11:22:16 +0600</pubDate>
      
      <guid>https://enviotech.com.bd/services/automatic-transmission-measurement/</guid>
      <description>The PFXi series of spectrophotometric colorimeters introduces a unique concept in liquid colour control: RCMSi technology. You can benefit from the capability for remote calibration and servicing via the internet - saving the cost and time associated with servicing and guaranteeing compliance with standards.</description>
    </item>
    
    <item>
      <title>Visual Measurement</title>
      <link>https://enviotech.com.bd/services/visual-measurement/</link>
      <pubDate>Tue, 17 Oct 2017 11:22:16 +0600</pubDate>
      
      <guid>https://enviotech.com.bd/services/visual-measurement/</guid>
      <description>Test including: eatable, modern and fuel oils, synthetic compounds, pharma, drinks and groceries. The instruments and ISO17025 guaranteed reference materials agree to universal test techniques and gauges, for example, ASTM, DIN, AOCS and ISO.</description>
    </item>
    
    <item>
      <title>Online Colorimeter</title>
      <link>https://enviotech.com.bd/services/online-colorimeter/</link>
      <pubDate>Mon, 17 Oct 2016 11:22:16 +0600</pubDate>
      
      <guid>https://enviotech.com.bd/services/online-colorimeter/</guid>
      <description>Model: TA 4 Online-System
  Continuous, Online Colour Measurement for Precise Process Control
  This generation of online colorimeters measures a near real-time response across the spectrum (380 to 780 nm) or less.</description>
    </item>
    
    <item>
      <title>Automatic Reflectance Measurement</title>
      <link>https://enviotech.com.bd/services/automatic-reflectance-measurement/</link>
      <pubDate>Mon, 01 Jan 0001 00:00:00 +0000</pubDate>
      
      <guid>https://enviotech.com.bd/services/automatic-reflectance-measurement/</guid>
      <description>Gloss meter: TG 268, TG 60
  An ergonomic, flexible reflectance spectrophotometer: TR 520, TR 500, TRA 520, TRA 500.</description>
    </item>
    
  </channel>
</rss>