<?xml version="1.0" encoding="utf-8" standalone="yes"?>
<rss version="2.0" xmlns:atom="http://www.w3.org/2005/Atom">
  <channel>
    <title>Muffle Furnaces on Enviotech | Your Lab Expert</title>
    <link>https://enviotech.com.bd/tags/muffle-furnaces/</link>
    <description>Recent content in Muffle Furnaces on Enviotech | Your Lab Expert</description>
    <generator>Hugo -- gohugo.io</generator>
    <language>en-us</language>
    <lastBuildDate>Thu, 14 Jan 2016 11:22:16 +0600</lastBuildDate>
    
	<atom:link href="https://enviotech.com.bd/tags/muffle-furnaces/index.xml" rel="self" type="application/rss+xml" />
    
    
    <item>
      <title>Furnace Lab Machine</title>
      <link>https://enviotech.com.bd/services/furnace-lab-machine/</link>
      <pubDate>Thu, 14 Jan 2016 11:22:16 +0600</pubDate>
      
      <guid>https://enviotech.com.bd/services/furnace-lab-machine/</guid>
      <description>Apart from the furnaces shown for production Nabertherm offers a wide range of standard furnaces for laboratories. We keep standard units in stock for short delivery times.</description>
    </item>
    
  </channel>
</rss>