<?xml version="1.0" encoding="utf-8" standalone="yes"?>
<rss version="2.0" xmlns:atom="http://www.w3.org/2005/Atom">
  <channel>
    <title>Rotor Mills on Enviotech | Your Lab Expert</title>
    <link>https://enviotech.com.bd/tags/rotor-mills/</link>
    <description>Recent content in Rotor Mills on Enviotech | Your Lab Expert</description>
    <generator>Hugo -- gohugo.io</generator>
    <language>en-us</language>
    <lastBuildDate>Mon, 09 Nov 2009 11:22:16 +0600</lastBuildDate>
    
	<atom:link href="https://enviotech.com.bd/tags/rotor-mills/index.xml" rel="self" type="application/rss+xml" />
    
    
    <item>
      <title>Lab Rotor Mill Machine</title>
      <link>https://enviotech.com.bd/services/lab-rotor-mill/</link>
      <pubDate>Mon, 09 Nov 2009 11:22:16 +0600</pubDate>
      
      <guid>https://enviotech.com.bd/services/lab-rotor-mill/</guid>
      <description>The rotor factory arrangement incorporates Ultra Centrifugal Mills, Rotor Beater Mills and Cross Beater Mills. Contingent upon the specific instrument they are appropriate for the fundamental and fine size decrease of delicate, sinewy and furthermore hard materials.</description>
    </item>
    
  </channel>
</rss>