<?xml version="1.0" encoding="utf-8" standalone="yes"?>
<rss version="2.0" xmlns:atom="http://www.w3.org/2005/Atom">
  <channel>
    <title>FLOC Tester on Enviotech | Your Lab Expert</title>
    <link>https://enviotech.com.bd/tags/floc-tester/</link>
    <description>Recent content in FLOC Tester on Enviotech | Your Lab Expert</description>
    <generator>Hugo -- gohugo.io</generator>
    <language>en-us</language>
    
	<atom:link href="https://enviotech.com.bd/tags/floc-tester/index.xml" rel="self" type="application/rss+xml" />
    
    
    <item>
      <title>Floc Tester</title>
      <link>https://enviotech.com.bd/services/floc-tester/</link>
      <pubDate>Mon, 01 Jan 0001 00:00:00 +0000</pubDate>
      
      <guid>https://enviotech.com.bd/services/floc-tester/</guid>
      <description>People dealing with the analysis of water or colour measurement know that for more than 130 years that they are in good hands.</description>
    </item>
    
  </channel>
</rss>