<?xml version="1.0" encoding="utf-8" standalone="yes"?>
<rss version="2.0" xmlns:atom="http://www.w3.org/2005/Atom">
  <channel>
    <title>BOD Determination tester on Enviotech | Your Lab Expert</title>
    <link>https://enviotech.com.bd/tags/bod-determination-tester/</link>
    <description>Recent content in BOD Determination tester on Enviotech | Your Lab Expert</description>
    <generator>Hugo -- gohugo.io</generator>
    <language>en-us</language>
    <lastBuildDate>Tue, 17 Oct 2017 11:22:16 +0600</lastBuildDate>
    
	<atom:link href="https://enviotech.com.bd/tags/bod-determination-tester/index.xml" rel="self" type="application/rss+xml" />
    
    
    <item>
      <title>Laboratory BOD Tester</title>
      <link>https://enviotech.com.bd/services/bod-determination/</link>
      <pubDate>Tue, 17 Oct 2017 11:22:16 +0600</pubDate>
      
      <guid>https://enviotech.com.bd/services/bod-determination/</guid>
      <description>Model: BD 600 GLP- Respirometric measuring system optimized for biodegradability tests under GLP conditions
  The BD 600 is a respirometric system for the determination of Biochemical Oxygen Demand (BOD).</description>
    </item>
    
  </channel>
</rss>