<?xml version="1.0" encoding="utf-8" standalone="yes"?>
<rss version="2.0" xmlns:atom="http://www.w3.org/2005/Atom">
  <channel>
    <title>FLOC Tester on Medifast | Your Lab Expert</title>
    <link>https://medifast.store/tags/floc-tester/</link>
    <description>Recent content in FLOC Tester on Medifast | Your Lab Expert</description>
    <generator>Hugo -- gohugo.io</generator>
    <language>en-us</language>
    <lastBuildDate>Thu, 17 Oct 2019 11:22:16 +0600</lastBuildDate>
    
	<atom:link href="https://medifast.store/tags/floc-tester/index.xml" rel="self" type="application/rss+xml" />
    
    
    <item>
      <title>Floc Tester</title>
      <link>https://medifast.store/services/floc-tester/</link>
      <pubDate>Thu, 17 Oct 2019 11:22:16 +0600</pubDate>
      
      <guid>https://medifast.store/services/floc-tester/</guid>
      <description>People dealing with the analysis of water or colour measurement know that for more than 130 years that they are in good hands.</description>
    </item>
    
  </channel>
</rss>