<?xml version="1.0" encoding="utf-8" standalone="yes"?>
<rss version="2.0" xmlns:atom="http://www.w3.org/2005/Atom">
  <channel>
    <title>Milling on Medifast | Your Lab Expert</title>
    <link>https://medifast.store/tags/milling/</link>
    <description>Recent content in Milling on Medifast | Your Lab Expert</description>
    <generator>Hugo -- gohugo.io</generator>
    <language>en-us</language>
    <lastBuildDate>Thu, 17 Oct 2019 11:22:16 +0600</lastBuildDate>
    
	<atom:link href="https://medifast.store/tags/milling/index.xml" rel="self" type="application/rss+xml" />
    
    
    <item>
      <title>Lab Ball Mills</title>
      <link>https://medifast.store/services/lab-ball-mills/</link>
      <pubDate>Thu, 17 Oct 2019 11:22:16 +0600</pubDate>
      
      <guid>https://medifast.store/services/lab-ball-mills/</guid>
      <description>Ball Mills   Ball mills are among the most variable and effective tools when it comes to size reduction of hard, brittle or fibrous materials.</description>
    </item>
    
    <item>
      <title>Lab Cutting Mills</title>
      <link>https://medifast.store/services/lab-cutting-mills/</link>
      <pubDate>Thu, 17 Oct 2019 11:22:16 +0600</pubDate>
      
      <guid>https://medifast.store/services/lab-cutting-mills/</guid>
      <description>RETSCH cutting factories give exceptionally proficient essential size decrease of heterogeneous material blends but on the other hand are appropriate for pounding delicate, medium-hard, versatile or stringy examples.</description>
    </item>
    
    <item>
      <title>Lab Disk Mills</title>
      <link>https://medifast.store/services/lab-disk-mills/</link>
      <pubDate>Thu, 17 Oct 2019 11:22:16 +0600</pubDate>
      
      <guid>https://medifast.store/services/lab-disk-mills/</guid>
      <description>RETSCH Vibratory Disk Mills are especially appropriate for fast, misfortune free granulating of hard, weak and stringy materials to diagnostic fineness.</description>
    </item>
    
    <item>
      <title>Lab Knife Mill Machine</title>
      <link>https://medifast.store/services/lab-knife-mill/</link>
      <pubDate>Thu, 17 Oct 2019 11:22:16 +0600</pubDate>
      
      <guid>https://medifast.store/services/lab-knife-mill/</guid>
      <description>RETSCH blade plants give totally homogeneous and reproducible size decrease brings about seconds so delegate tests can be taken from any area in the granulating holder.</description>
    </item>
    
    <item>
      <title>Lab Mortar Grinder Machine</title>
      <link>https://medifast.store/services/lab-mortar-grinder/</link>
      <pubDate>Thu, 17 Oct 2019 11:22:16 +0600</pubDate>
      
      <guid>https://medifast.store/services/lab-mortar-grinder/</guid>
      <description>Application: ashes, cement clinker, chemical products, coal, cocoa nibs, coke, drugs, food, homeopathic materials, nuts, oil seeds, pharmaceutical materials, plant materials, salts, silicates, slag, soils, spices, tiles, yeast cells.</description>
    </item>
    
    <item>
      <title>Lab Rotor Mill Machine</title>
      <link>https://medifast.store/services/lab-rotor-mill/</link>
      <pubDate>Thu, 17 Oct 2019 11:22:16 +0600</pubDate>
      
      <guid>https://medifast.store/services/lab-rotor-mill/</guid>
      <description>The rotor factory arrangement incorporates Ultra Centrifugal Mills, Rotor Beater Mills and Cross Beater Mills. Contingent upon the specific instrument they are appropriate for the fundamental and fine size decrease of delicate, sinewy and furthermore hard materials.</description>
    </item>
    
    <item>
      <title>Lab Sieve Shakers Machine</title>
      <link>https://medifast.store/services/lab-sieve-shakers/</link>
      <pubDate>Thu, 17 Oct 2019 11:22:16 +0600</pubDate>
      
      <guid>https://medifast.store/services/lab-sieve-shakers/</guid>
      <description>RETSCH sieve shakers and sieving machines not only covers a wide measuring range. Thanks to different sieving motions and sieve sizes, the RETSCH sieve shaker range is suitable for almost any bulk material.</description>
    </item>
    
    <item>
      <title>Milling Jaw Crusher</title>
      <link>https://medifast.store/services/milling-jaw-crusher/</link>
      <pubDate>Thu, 17 Oct 2019 11:22:16 +0600</pubDate>
      
      <guid>https://medifast.store/services/milling-jaw-crusher/</guid>
      <description>RETSCH gives size decrease and sieving gear intended for test planning and portrayal of solids.  Retsch company video     Crude materials, green bodies and sintered items should be investigated with respect to their mineralogical and compound piece just as to their auxiliary properties to advance the earthenware creation process.</description>
    </item>
    
  </channel>
</rss>